Track URI,Track Name,Album Name,Artist Name(s),Release Date,Duration (ms),Popularity,Explicit,Added By,Added At,Genres,Record Label,Danceability,Energy,Key,Loudness,Mode,Speechiness,Acousticness,Instrumentalness,Liveness,Valence,Tempo,Time Signature
spotify:track:3kEGL2WgJI0vAyEakijzXb,"Mental Overload","Seishun EP 青春","Yungmon",2024-12-20,138980,32,false,,1970-01-01T00:00:00Z,"cloud rap","ULTRA RARE",0.676,0.494,0,-5.636,0,0.0924,0.554,0,0.195,0.675,169.852,4
spotify:track:0bXeYcCz7NHxf43LsbJOau,"Gear 5","Seishun EP 青春","Yungmon",2024-12-20,125714,32,true,,1970-01-01T00:00:00Z,"cloud rap","ULTRA RARE",0.721,0.671,6,-3.792,1,0.0516,0.0314,0.000532,0.0814,0.114,125.96,4
spotify:track:3tjoq1CMR4YtSUegC5sbU8,"Commitment Issues","Boys Do Cry","RIN",2022-07-15,111146,53,false,,1970-01-01T00:00:00Z,"deutscher hip-hop","GOLD LEAGUE/DIVISION",0.617,0.641,8,-8.254,0,0.288,0.146,0.000072,0.188,0.71,82.259,4
spotify:track:5Ly5Hjdo9Pv4VarjD5YGaL,"Rauch","Rauch","Yungmon",2020-09-25,185903,37,true,,1970-01-01T00:00:00Z,"cloud rap","recordJet",0.718,0.377,4,-10.418,0,0.0478,0.147,0,0.103,0.0592,140.015,4
spotify:track:1m9hyvh3sfakGAWuRPoPMN,"Problemboy","Problemboy","DONDON;Yungmon",2022-12-09,144002,40,true,,1970-01-01T00:00:00Z,"deutscher hip-hop,cloud rap","NODNOD & ULTRA RARE",0.759,0.741,7,-7.324,1,0.0614,0.0914,0,0.567,0.495,115.003,4
spotify:track:6lAv6XVHGYJzTDd4CKsiqm,"7","STAY HIGH","Ufo361;Bonez MC",2021-04-30,148914,55,true,,1970-01-01T00:00:00Z,"deutscher hip-hop,türkischer hip-hop","Stay High",0.691,0.697,2,-7.963,1,0.35,0.0146,0.0247,0.106,0.615,112.012,5
spotify:track:4GUrzAwDBOyEMQTo42GGzf,"Cinnamon Roll","High & Hungrig 3","Bonez MC;Gzuz",2023-04-27,167821,63,true,,1970-01-01T00:00:00Z,"deutscher hip-hop","187 Strassenbande & Vertigo/Capitol",0.722,0.683,8,-5.93,1,0.122,0.26,0.0013,0.25,0.202,172.044,4
spotify:track:27JofWBoi001NLicko8b0k,"Herbst","Herbst","Yungmon",2024-02-16,163278,34,false,,1970-01-01T00:00:00Z,"cloud rap","ULTRA RARE",0.804,0.678,3,-8.168,0,0.112,0.15,0,0.0975,0.481,121.997,4
spotify:track:54nXosPlPn8GPXysQlCiMI,"Fehler meines Lebens","Heartmon","Yungmon",2022-02-25,107677,32,true,,1970-01-01T00:00:00Z,"cloud rap","ULTRA RARE",0.729,0.405,1,-12.167,1,0.0464,0.0346,0,0.239,0.134,111.349,5
spotify:track:5QllDVWTd3lOLcceZsekwX,"1994","1994","RIN;oddworld",2024-09-19,105331,55,false,,1970-01-01T00:00:00Z,"deutscher hip-hop,deutscher indie","GOLD LEAGUE/DIVISION",0.781,0.731,0,-5.972,1,0.0882,0.0366,0.000953,0.114,0.672,166.148,4
spotify:track:6aO1DXT21BJqTA2t79HVTK,"Rennen (Forgotten Song)","Rennen (Forgotten Song)","Yinmon",2023-08-04,200228,28,true,,1970-01-01T00:00:00Z,"","ULTRA RARE",0.696,0.709,7,-8.556,1,0.0427,0.0285,0.0106,0.0783,0.124,90.035,4
spotify:track:4q9n9wR6v3CrU1YvI7gKk2,"Sailor Moon","Kara Tape 2","Beyazz",2021-08-13,130892,47,true,,1970-01-01T00:00:00Z,"deutscher hip-hop","Kara Clique",0.766,0.543,5,-8.784,1,0.132,0.216,0.00198,0.116,0.55,166.052,4
spotify:track:5XCGNbGblxYrMo2z81Fz07,"Far Far Away","Far Far Away","Yungmon;Lyran Dasz",2023-07-21,159310,32,true,,1970-01-01T00:00:00Z,"cloud rap,deutscher indie pop","ULTRA RARE",0.674,0.845,5,-4.279,1,0.153,0.4,0,0.12,0.308,144.965,4
spotify:track:08p6O2CATs7HaOw3LuN6i3,"Breakdown","Breakdown","Yungmon;LEX",2021-05-07,139937,32,true,,1970-01-01T00:00:00Z,"cloud rap","ULTRA RARE",0.771,0.598,1,-9.454,0,0.0323,0.0828,0.0000672,0.102,0.209,124.948,4
spotify:track:251oXBgv1BbcarwVYWG5ie,"Bladerunner","Bladerunner","Yinmon",2022-06-21,185809,27,true,,1970-01-01T00:00:00Z,"","ULTRA RARE",0.669,0.471,4,-11.778,0,0.0327,0.00017,0.0472,0.13,0.173,114.948,4
spotify:track:2oxXeOZor0pqUszu7tM0N7,"Crystals","Crystals","Yungmon;Lyran Dasz",2020-11-20,186000,36,true,,1970-01-01T00:00:00Z,"cloud rap,deutscher indie pop","ULTRA RARE",0.757,0.737,0,-5.782,0,0.0327,0.292,0,0.0763,0.351,140.076,4
spotify:track:0IJZpqq3wsxiCYjOpSoyxo,"Heilen (Intro)","Iyashi EP","Yungmon",2025-09-19,163764,39,false,,1970-01-01T00:00:00Z,"cloud rap","ULTRA RARE",0.527,0.443,6,-8.143,1,0.0412,0.769,0,0.155,0.144,84.973,3
spotify:track:7p0wIqhzCM4jpuBYdCuzsG,"yk","yk","Yatsu;Yungmon",2025-07-04,125142,25,true,,1970-01-01T00:00:00Z,"cloud rap","U4 & ULTRA RARE",0.844,0.768,4,-7.626,0,0.103,0.0273,0,0.348,0.963,140,4
spotify:track:4yTw20Js6emMk5vMIEXAE2,"Asphalt","Iyashi EP","Yungmon",2025-09-19,163373,33,true,,1970-01-01T00:00:00Z,"cloud rap","ULTRA RARE",0.579,0.523,5,-6.541,0,0.0284,0.371,0,0.115,0.304,82.731,4
spotify:track:3t8kj9fF6jWk8dIfaoOho9,"Adrenalin","Heartmon","Yungmon",2022-02-25,138963,35,true,,1970-01-01T00:00:00Z,"cloud rap","ULTRA RARE",0.67,0.619,2,-10.052,0,0.029,0.000566,0.00000992,0.365,0.348,126.028,4
spotify:track:6NBZu27n3cxEk4y4c2Kxi8,"1-800","1-800","bbno$;Ironmouse",2025-06-27,209515,78,true,,1970-01-01T00:00:00Z,"","bbno$$",0.663,0.965,9,-3.49,1,0.049,0.0151,0.0145,0.144,0.854,131.953,4
spotify:track:3mzcYCVRgYa5vHXqG7qB52,"Chainsaw Man","Chainsaw Man","Yungmon;Lyran Dasz",2023-12-08,165394,38,true,,1970-01-01T00:00:00Z,"cloud rap,deutscher indie pop","ULTRA RARE",0.695,0.774,4,-5.5,1,0.0828,0.0113,0.00000975,0.0688,0.571,76.029,4
spotify:track:4pswrTea0U8BCQjpfENxf2,"FULL MOON","COLDBLOODED-BONECRUSHER","TJ_beastboy;Yungmon",2024-03-08,174500,44,true,,1970-01-01T00:00:00Z,"deutscher hip-hop,cloud rap","Space Music Records",0.757,0.719,0,-5.5,1,0.0518,0.143,0,0.1,0.319,106.641,5
spotify:track:5M3vOlhB2DCi0F5RdAbx1d,"FACETIME","DON'T WORRY, I'LL BE FINE","WesGhost",2024-09-20,186000,43,false,,1970-01-01T00:00:00Z,"","Columbia",0.518,0.711,5,-5.742,1,0.0704,0.0192,0,0.099,0.346,160.072,4
spotify:track:24sBckL7mZfqD2g5e2Nc9Q,"appetite","appetite","STIM",2024-04-17,158117,59,false,,1970-01-01T00:00:00Z,"hyperpop","STIM Pop Music",0.427,0.916,10,-6.723,0,0.274,0.215,0,0.457,0.723,170.174,3
spotify:track:6sizQj16amSoj5iXMDCx5J,"Hallow Kitty","Hallow Kitty","Kwam.E;OVE",2023-03-03,207428,56,true,,1970-01-01T00:00:00Z,"deutscher hip-hop","Nur! Musik",0.933,0.522,1,-7.142,1,0.579,0.0243,0,0.131,0.624,140.166,5
spotify:track:76gcXhY3Zv6wW0BTe9nHJo,"TIL FURTHER NOTICE (feat. James Blake & 21 Savage)","UTOPIA","Travis Scott;James Blake;21 Savage",2023-07-28,314836,75,true,,1970-01-01T00:00:00Z,"rap","Cactus Jack/Epic",0.65,0.659,3,-6.522,0,0.123,0.174,0.00772,0.126,0.154,76.985,4
spotify:track:4jVBIpuOiMj1crqd8LoCrJ,"FRANCHISE (feat. Young Thug & M.I.A.)","FRANCHISE (feat. Young Thug & M.I.A.)","Travis Scott;Young Thug;M.I.A.",2020-09-25,202794,73,true,,1970-01-01T00:00:00Z,"rap,melodic rap,trap","Cactus Jack/Epic",0.835,0.699,8,-5.405,0,0.277,0.00671,0,0.195,0.547,154.981,4
spotify:track:3HV6iBGoFsUbVwJzdMJ8ZU,"DARK 2.0 (feat. TWISTED)","DARK 2.0 (feat. TWISTED)","WesGhost;TWISTED",2024-07-19,162222,42,true,,1970-01-01T00:00:00Z,"phonk,drift phonk","Columbia",0.621,0.752,1,-2.487,1,0.0371,0.00198,0.0000251,0.19,0.197,135.02,4
spotify:track:721E4UTMCmMDfwBnq0PaVN,"UH YEAH [WAHNSiNN 01]","WAHNSiNN²","TJ_beastboy",2023-10-27,181500,44,true,,1970-01-01T00:00:00Z,"deutscher hip-hop","Space Music Records",0.68,0.903,11,-4.328,0,0.0864,0.000859,0.00000199,0.146,0.396,169.993,4
spotify:track:1WJCVRe1GLlTAcXs1Vr0pm,"SOUL EATER","HUMANOID-FLAMETHROWER","TJ_beastboy",2021-12-10,199500,43,true,,1970-01-01T00:00:00Z,"deutscher hip-hop","Space Music Records",0.681,0.504,1,-7.67,1,0.0634,0.268,0.000121,0.0979,0.305,147.947,4
spotify:track:4kjI1gwQZRKNDkw1nI475M,"MY EYES","UTOPIA","Travis Scott",2023-07-28,251249,81,true,,1970-01-01T00:00:00Z,"rap","Cactus Jack/Epic",0.455,0.621,0,-7.694,0,0.0517,0.651,0.00000259,0.123,0.28,119.043,4
spotify:track:5XVPNr0CAoUn1jD033Ucoo,"Donuts","Gzuz","Gzuz",2020-02-13,162937,62,true,,1970-01-01T00:00:00Z,"deutscher hip-hop","187 Strassenbande",0.784,0.703,11,-7.491,0,0.236,0.0973,0.0000832,0.0754,0.556,141.035,4
spotify:track:4VFePVCYFzxUouQZNWMhH2,"PSYCHO [WAHNSiNN 02]","WAHNSiNN²","TJ_beastboy",2023-10-27,197000,46,true,,1970-01-01T00:00:00Z,"deutscher hip-hop","Space Music Records",0.568,0.926,1,-5.599,1,0.12,0.0367,0,0.338,0.467,165.913,4
spotify:track:3BouYneOiIcnpuswhcfjwf,"700 Main Street","Chrome","DAT ADAM",2015-04-24,243028,58,false,,1970-01-01T00:00:00Z,"cloud rap,deutscher hip-hop","Hydra Music",0.616,0.548,1,-7.556,1,0.104,0.508,0,0.13,0.111,139.873,4
spotify:track:6A3SB2C4U6JtCavQOXLYNN,"Je M'appelle","Je M'appelle","Benzz",2022-04-21,139574,65,true,,1970-01-01T00:00:00Z,"uk drill,drill","Universal-Island Records Ltd.",0.807,0.75,11,-4.396,1,0.237,0.17,0,0.164,0.961,141.176,4
spotify:track:42VsgItocQwOQC3XWZ8JNA,"FE!N (feat. Playboi Carti)","UTOPIA","Travis Scott;Playboi Carti",2023-07-28,191700,84,true,,1970-01-01T00:00:00Z,"rap,rage rap","Cactus Jack/Epic",0.569,0.882,3,-2.777,0,0.06,0.0316,0,0.142,0.201,148.038,4
spotify:track:6TdFkofgTvN0WfnWFmh4a6,"née-nah","née-nah","21 Savage;Travis Scott;Metro Boomin",2024-01-10,220584,59,true,,1970-01-01T00:00:00Z,"rap","Slaughter Gang, LLC/Epic Records",0.678,0.758,1,-6.524,1,0.227,0.00495,0,0.57,0.318,165.423,4
spotify:track:5JWsW8aJoBc4z0TN2TN4rC,"1000x COOLER RMX","HIJACKED-LOWRIDER","TJ_beastboy",2024-07-12,127000,39,true,,1970-01-01T00:00:00Z,"deutscher hip-hop","Space Music Records",0.723,0.706,2,-6.193,1,0.0583,0.0224,0.0000614,0.194,0.654,130.084,4
spotify:track:1v7L65Lzy0j0vdpRjJewt1,"Lose Yourself","Just Lose It","Eminem",2004-01-01,322226,81,true,,1970-01-01T00:00:00Z,"rap,hip-hop","Eminem Catalog PS",0.686,0.735,2,-4.616,1,0.264,0.00921,0.00066,0.342,0.0596,171.355,4
spotify:track:5u6vkDnOyaf8LsteDAj2ub,"Ghostface Killers (feat. Travis Scott)","Without Warning","21 Savage;Offset;Metro Boomin;Travis Scott",2017-10-30,268933,67,true,,1970-01-01T00:00:00Z,"rap","Slaughter Gang, LLC/Epic/Quality Control Music/Motown/Capitol/Boominati Worldwide/Republic",0.782,0.435,2,-7.033,1,0.156,0.333,0.0000131,0.342,0.242,82.996,4
spotify:track:6ROFzwu3tbB6mxpW9Gt1YU,"Oliver Twist","Pier Pressure","ArrDee",2022-03-18,174857,56,true,,1970-01-01T00:00:00Z,"uk drill,drill,grime,uk grime","Universal-Island Records Ltd.",0.725,0.807,11,-4.332,1,0.315,0.352,0,0.462,0.848,140.045,4
spotify:track:1udwFobQ1JoOdWPQrp2b6u,"Surround Sound (feat. 21 Savage & Baby Tate)","The Forever Story (Extended Version)","JID;21 Savage;Baby Tate",2022-10-31,229938,78,true,,1970-01-01T00:00:00Z,"","Dreamville/Interscope",0.574,0.567,7,-7.126,0,0.465,0.164,0,0.258,0.526,75.965,4
spotify:track:6D60SSnCQ00TdAQTOPCNGg,"Cripwalks (with Pashanim & Monk)","Cripwalks (with Pashanim & Monk)","BHZ",2020-01-20,136489,50,true,,1970-01-01T00:00:00Z,"deutscher hip-hop","BHZ",0.947,0.461,8,-10.683,1,0.45,0.221,0,0.136,0.538,129.968,4
spotify:track:0H9WHopZ62JeDaGau7REMw,"Shababs botten","Shababs botten","Pashanim",2019-09-06,96030,59,true,,1970-01-01T00:00:00Z,"deutscher hip-hop","Urban",0.88,0.399,6,-8.849,0,0.464,0.102,0.000233,0.127,0.387,46.66,3
spotify:track:3F5CgOj3wFlRv51JsHbxhe,"Jimmy Cooks (feat. 21 Savage)","Honestly, Nevermind","Drake;21 Savage",2022-06-17,218364,81,true,,1970-01-01T00:00:00Z,"rap","OVO",0.529,0.673,0,-4.711,1,0.175,0.000307,0.00000241,0.093,0.366,165.921,4
spotify:track:69phA1R4gmQsBFRQ3INW8C,"ONE CALL","Ghetto Fabulous","Rich Amiri",2023-11-17,121399,73,true,,1970-01-01T00:00:00Z,"rage rap","Internet Money Records / 10K Projects",0.65,0.539,1,-7.281,1,0.0561,0.00617,0.0000267,0.114,0.253,158.105,4
spotify:track:7pnQ23WgZca9jEfMts9qsR,"Latest Trends","Latest Trends","A1 x J1",2021-02-04,158117,60,true,,1970-01-01T00:00:00Z,"uk drill,drill","EMI",0.716,0.513,5,-10.159,0,0.223,0.085,0,0.12,0.8,141.894,4
spotify:track:6RbkXyQVwjZ6Gvc2Y5TFoU,"Dfa (cr-Version)","CYBER ROCK - EP","DAT ADAM",2017-12-29,312053,28,false,,1970-01-01T00:00:00Z,"cloud rap,deutscher hip-hop","Hydra Music",0.557,0.588,4,-8.838,0,0.0492,0.0403,0,0.14,0.142,140.017,4
spotify:track:4yNKTcMi1JuXbAfQuYAhAE,"stain","stain","STIM",2023-12-15,147200,43,false,,1970-01-01T00:00:00Z,"hyperpop","STIM Pop Music",0.383,0.7,1,-5.339,1,0.207,0.0485,0,0.424,0.919,74.25,4
spotify:track:2O8c1DmvhflC8rTsdGLHZZ,"Ich sterbe allein","Ich sterbe allein + 私は一人で死ぬ","Yungmon",2021-12-17,134660,30,true,,1970-01-01T00:00:00Z,"cloud rap","ULTRA RARE",0.746,0.371,7,-13.966,1,0.0813,0.0953,0,0.068,0.384,144.997,4
spotify:track:31irUiPyJ2XwSo2V3V5sft,"Overthinker","Overthinker","Yungmon",2023-01-13,112000,32,true,,1970-01-01T00:00:00Z,"cloud rap","ULTRA RARE",0.412,0.719,5,-6.503,1,0.0332,0.129,0,0.15,0.501,176.946,4
spotify:track:4BOZst1a8mfanfRSfdRzi9,"Alors Alors","Alors Alors","Benzz",2022-12-08,132765,55,true,,1970-01-01T00:00:00Z,"uk drill,drill","Universal-Island Records Ltd.",0.753,0.806,0,-6.077,0,0.296,0.093,0,0.337,0.945,141.046,4
spotify:track:65U2jvRzP5dqAj004FVtHw,"ARRIVED","AQUA","Luciano;Headie One",2021-07-01,214400,46,false,,1970-01-01T00:00:00Z,"deutscher hip-hop,uk drill,grime,drill,uk grime","URBAN",0.806,0.584,5,-7.431,1,0.0457,0.0358,0.00013,0.365,0.373,144.009,4
spotify:track:1o6x7iRcDQPEEg8YPgLeVA,"Day in the Life","Wild West","Central Cee",2021-03-12,188689,65,true,,1970-01-01T00:00:00Z,"uk drill,drill,uk grime","Central Cee",0.905,0.571,2,-7.979,1,0.357,0.228,0,0.113,0.757,144.892,4
spotify:track:2zcujbHsQVDmsZi8I6Q0LP,"EMPTY THE CLiP","MATHEMATIC-RAPADDICT","TJ_beastboy",2023-05-12,178746,41,false,,1970-01-01T00:00:00Z,"deutscher hip-hop","Space Music Records",0.659,0.627,11,-8.081,0,0.0473,0.0784,0.0000089,0.118,0.412,163.924,4
spotify:track:2H7jZg2HliuQhZjfBblLrZ,"Sommergewitter","Sommergewitter","Pashanim",2021-06-24,138533,69,false,,1970-01-01T00:00:00Z,"deutscher hip-hop","Urban",0.787,0.531,11,-10.569,0,0.101,0.132,0.00094,0.112,0.721,91.996,4
spotify:track:0u695M7KyzXaPIjpEbxOkB,"SICKO MODE - Skrillex Remix","SICKO MODE (Skrillex Remix)","Travis Scott;Skrillex",2018-11-28,304512,55,true,,1970-01-01T00:00:00Z,"rap,dubstep,edm,electro,elektronische musik","Cactus Jack / Epic",0.651,0.833,1,-3.356,1,0.172,0.0214,0,0.14,0.443,155.051,4
spotify:track:1Syhm4vkn6n2DYuFnyI60s,"Scheiß auf eure Party","Ich bin 2 Berliner","Ufo361",2016-09-30,220327,64,true,,1970-01-01T00:00:00Z,"deutscher hip-hop,türkischer hip-hop","Ufo361",0.745,0.551,6,-9.058,0,0.235,0.05,0,0.105,0.15,122.011,4
spotify:track:6n66BbsVT7zTMxFiUwyB9g,"BRICKCHAIN","BRICKCHAIN","mokuba;TJ_beastboy",2019-07-26,145999,27,true,,1970-01-01T00:00:00Z,"space music,cloud rap,deutscher indie pop,deutscher hip-hop","Space Music Records",0.728,0.566,8,-7.243,1,0.133,0.052,0.0000345,0.342,0.378,100.034,4
spotify:track:5QVOfXj8466NDNQRAqfWaA,"Bagchaser Can","Bagchaser Can","Pashanim",2023-05-24,129412,65,false,,1970-01-01T00:00:00Z,"deutscher hip-hop","Urban",0.793,0.669,0,-8.474,1,0.0481,0.237,0.02,0.142,0.102,104.989,4
spotify:track:1e9QSdX5uLUw6vbrkZJyXi,"Fendi Drip","MILLIES","Luciano;Ufo361;Lil Baby",2019-08-29,220880,55,false,,1970-01-01T00:00:00Z,"deutscher hip-hop,türkischer hip-hop","Urban",0.827,0.646,11,-6.122,1,0.505,0.0827,0,0.123,0.711,168.025,4
spotify:track:6tgfPk01WoB2cK78rDEq2m,"Don’t Lie (feat. Nemzzz)","Don’t Lie (feat. Nemzzz)","A1 x J1;Nemzzz",2022-10-13,138591,52,true,,1970-01-01T00:00:00Z,"uk drill,drill","EMI",0.744,0.748,7,-5.368,1,0.252,0.181,0,0.463,0.964,142.02,4
spotify:track:4QWt7aCFlyk5vBRfBDbdG4,"700 Main st (cr-Version)","CYBER ROCK - EP","DAT ADAM",2017-12-29,236653,34,false,,1970-01-01T00:00:00Z,"cloud rap,deutscher hip-hop","Hydra Music",0.527,0.636,6,-7.825,1,0.0396,0.186,0.0000958,0.576,0.126,140.004,4
spotify:track:0lWWMmAAzcNr9tsQ4dB3Wo,"WEREGARURUMON","SUPERSONIC-WORKAHOLIC","TJ_beastboy",2021-07-23,226000,43,true,,1970-01-01T00:00:00Z,"deutscher hip-hop","Space Music Records",0.513,0.541,0,-7.737,1,0.119,0.0296,0,0.37,0.31,150.008,4
spotify:track:5wwPdWKbDEiybmWkZqsGGn,"Next Up - S4-E2, Pt. 1","Next Up - S4-E2","JBEE;Mixtape Madness",2022-02-09,120839,28,true,,1970-01-01T00:00:00Z,"uk drill,drill,grime,uk grime","Mixtape Madness",0.645,0.571,8,-8.954,0,0.293,0.168,0,0.21,0.386,142.986,4
spotify:track:7dkqm3Oi8Qd0kwNE4tQCtQ,"VVV","VVV","mikeeysmind;Sanikwave",2023-10-21,227612,59,true,,1970-01-01T00:00:00Z,"","RECORDS",0.599,0.907,1,-2.332,1,0.153,0.0027,0,0.396,0.259,154.986,4
spotify:track:6Pk9SrYcNROzVANFESonWh,"Doppel G","Himmel über Berlin","Pashanim",2022-09-28,123146,66,false,,1970-01-01T00:00:00Z,"deutscher hip-hop","Urban",0.715,0.669,5,-8.195,0,0.0615,0.492,0.000593,0.134,0.888,154.876,4
spotify:track:7aRCf5cLOFN1U7kvtChY1G,"Search & Rescue","Search & Rescue","Drake",2023-04-07,272112,73,true,,1970-01-01T00:00:00Z,"rap","OVO/Republic Records",0.828,0.441,10,-8.562,0,0.0685,0.0757,0.00000868,0.295,0.533,140.009,4
spotify:track:0Bdp2yHwTggUh5zJSGh2dx,"Hello Mate","Pier Pressure","ArrDee;Kyla",2022-03-18,192857,49,true,,1970-01-01T00:00:00Z,"uk drill,drill,grime,uk grime,uk funky","Universal-Island Records Ltd.",0.713,0.886,10,-4.451,0,0.271,0.0746,0,0.215,0.747,140.054,4
spotify:track:7lQ8MOhq6IN2w8EYcFNSUk,"Without Me","The Eminem Show","Eminem",2002-05-26,290320,88,true,,1970-01-01T00:00:00Z,"rap,hip-hop","Eminem Catalog PS",0.908,0.669,7,-2.827,1,0.0738,0.00286,0,0.237,0.662,112.238,4
spotify:track:1rDfZwXzeotPuDtBJotaK1,"SHOOT","SHOOT","reezy",2023-03-24,159816,49,true,,1970-01-01T00:00:00Z,"deutscher hip-hop","Four Music/TEENAGER FOREVER Ent.",0.78,0.574,4,-7.418,0,0.102,0.103,0,0.135,0.425,137.034,4
spotify:track:1zCQXSnLkfXq3TzMLr6pWf,"Shakira!","Shakira!","1nonly;EGOVERT",2020-11-06,149577,13,true,,1970-01-01T00:00:00Z,"phonk","1nonly",0.79,0.832,5,-5.291,0,0.103,0.0996,0,0.763,0.623,99.502,4
spotify:track:1qIwin7JMVuX70qN6wD8ww,"It's Up (feat. Young Thug & 21 Savage)","100 GIGS","Drake;Young Thug;21 Savage",2024-08-30,278000,70,true,,1970-01-01T00:00:00Z,"rap,melodic rap,trap","OVO/Republic",0.783,0.723,1,-4.881,1,0.135,0.0264,0,0.159,0.294,139.942,4
spotify:track:1bDbXMyjaUIooNwFE9wn0N,"Rich Flex","Her Loss","Drake;21 Savage",2022-11-04,239359,76,true,,1970-01-01T00:00:00Z,"rap","OVO / Republic Records",0.549,0.518,4,-9.39,0,0.257,0.0517,0.00000121,0.378,0.418,160.07,4
spotify:track:1DjDsFFoA7yFYzgi6uRogP,"Counter Culture","newWAVE","DAT ADAM",2018-09-21,205280,29,true,,1970-01-01T00:00:00Z,"cloud rap,deutscher hip-hop","Hydra Music",0.637,0.49,0,-7.261,0,0.0545,0.123,0.0000128,0.101,0.359,124.006,4
spotify:track:4QUFwL6J0InUCQA1Fu2Js7,"CAP DOWN","HIJACKED-LOWRIDER","TJ_beastboy",2024-07-12,194000,42,true,,1970-01-01T00:00:00Z,"deutscher hip-hop","Space Music Records",0.688,0.822,4,-6.953,1,0.0445,0.084,0.000111,0.0977,0.755,127.983,4
spotify:track:5Rs5fYBY3BmcjRhiDhwBuv,"Sanageyama","HYDRA 3D","DAT ADAM",2016-10-28,188626,37,false,,1970-01-01T00:00:00Z,"cloud rap,deutscher hip-hop","Hydra Music",0.647,0.518,5,-8.548,0,0.042,0.0767,0.00000536,0.208,0.129,125.978,4
spotify:track:2242plslNyFhozX2i6kBT9,"iTO iTO NO Mi","COLDBLOODED-BONECRUSHER","TJ_beastboy",2024-03-08,160000,39,true,,1970-01-01T00:00:00Z,"deutscher hip-hop","Space Music Records",0.748,0.766,5,-6.321,0,0.151,0.0123,0.00000402,0.125,0.518,144.995,4
spotify:track:4yNNFapUZM7aTElXE2JveQ,"Frozen Tears","Frozen Tears","Luciano",2022-07-28,208282,46,false,,1970-01-01T00:00:00Z,"deutscher hip-hop","URBAN",0.794,0.561,10,-10.003,0,0.108,0.128,0.000117,0.104,0.231,110.79,3
spotify:track:78EDmwVdZzp6vTl3hVWzpW,"6 Feet","Lxrdszn","Scarlxrd",2017-09-29,121913,46,true,,1970-01-01T00:00:00Z,"trap metal,rap metal,horrorcore,emo rap","lxrd records",0.646,0.963,8,-0.092,1,0.288,0.00498,0,0.309,0.539,149.987,4
spotify:track:1aWrjGga6Ws67b2CWWTb4u,"BM - London View","BM (London View)","OTP;BM",2021-07-23,164565,65,true,,1970-01-01T00:00:00Z,"uk drill,drill","Rightsy",0.861,0.46,11,-10.105,1,0.362,0.193,0,0.229,0.74,143.008,4
spotify:track:1N8TTK1Uoy7UvQNUazfUt5,"SPIT IN MY FACE!","SPIT IN MY FACE!","ThxSoMch",2022-12-20,147874,80,true,,1970-01-01T00:00:00Z,"","Elektra (NEK)",0.73,0.785,8,-6.512,1,0.0554,0.0464,0.0216,0.111,0.649,94.094,4
spotify:track:3EyUyo7yyRXAvkK30ivfkH,"Heart On Ice","Heart On Ice","JBEE",2023-02-23,145306,35,false,,1970-01-01T00:00:00Z,"uk drill,drill","JBee",0.691,0.657,9,-8.835,0,0.274,0.576,0,0.0999,0.876,147.16,4
spotify:track:6KTnaa96F3IO7q8p2tx6U9,"IO","HOW TO FLEX & TROLL A SCENE","DAT ADAM",2017-03-24,152000,29,true,,1970-01-01T00:00:00Z,"cloud rap,deutscher hip-hop","Hydra Music",0.913,0.611,7,-4.797,1,0.0932,0.25,0,0.574,0.557,120.048,4
spotify:track:3COVhNcQ71ZyAxHyM1xiK4,"DEADBEAT - demo","DEADBEAT (demo)","WesGhost",2023-12-22,145714,43,false,,1970-01-01T00:00:00Z,"","Columbia",0.514,0.862,4,-4.508,1,0.0947,0.000617,0.0000509,0.332,0.682,139.935,4
spotify:track:2XynYulas10Wmef4Gqrxw9,"Hate.","Hate.","ThxSoMch",2023-02-14,134769,72,true,,1970-01-01T00:00:00Z,"","Elektra (NEK)",0.644,0.834,11,-7.497,1,0.0358,0.00161,0.0412,0.0878,0.744,94.922,4
spotify:track:7afBX5p6Qw5RPfpedhEMWS,"4am","4am","JBEE",2021-10-01,193714,65,true,,1970-01-01T00:00:00Z,"uk drill,drill","10K Projects",0.863,0.482,1,-9.132,1,0.439,0.621,0,0.148,0.618,140.021,4
spotify:track:0nAYDRF72KaqIuFu72Zsw6,"blood moon","blood moon","STIM",2024-05-17,160500,42,false,,1970-01-01T00:00:00Z,"hyperpop","STIM Pop Music",0.446,0.818,4,-5.384,0,0.0486,0.0219,0,0.371,0.501,159.931,4
spotify:track:3gY4hCcVELKWSlwc8DLUNL,"BEASTMXDE","IMMXRTALISATIXN","Scarlxrd",2019-10-04,151529,29,true,,1970-01-01T00:00:00Z,"trap metal,rap metal,horrorcore,emo rap","Universal-Island Records Ltd.",0.674,0.86,7,-2.643,0,0.201,0.211,0.00000738,0.0997,0.432,164.94,4
spotify:track:1xIqDFx3KdByBnKMlTECcM,"Coming for You (feat. A1 x J1)","Coming for You (feat. A1 x J1)","SwitchOTR;A1 x J1",2021-10-29,178285,59,true,,1970-01-01T00:00:00Z,"uk drill,drill","Robots & Humans",0.813,0.481,1,-6.71,1,0.231,0.217,0,0.0931,0.842,140.122,4
spotify:track:7BfRyF3eUgZxXBmt01PBZY,"ATZENMODUS","HALB:VIER DELUXE","BHZ;Ion Miles;Monk;Dead Dawg;Big Pat;Longus Mongus",2021-07-16,261626,59,true,,1970-01-01T00:00:00Z,"deutscher hip-hop,deutscher indie","BHZ",0.841,0.551,8,-8.42,1,0.437,0.36,0,0.122,0.482,139.998,4
spotify:track:3ca0qKjgRKV2b6Sy5Fd75b,"KiNG K0NG","HIJACKED-LOWRIDER","TJ_beastboy;John on a Mission",2024-07-12,161000,45,true,,1970-01-01T00:00:00Z,"deutscher hip-hop,space music,cloud rap","Space Music Records",0.768,0.906,1,-4.449,1,0.19,0.0373,0,0.298,0.583,154.992,4
spotify:track:4IJHeXtnltkkYYWvYWitlh,"AN ALLE, DIE DAS FÜHLEN","HUMANOID-FLAMETHROWER","TJ_beastboy",2021-12-10,181000,45,true,,1970-01-01T00:00:00Z,"deutscher hip-hop","Space Music Records",0.684,0.596,8,-7.814,1,0.12,0.0359,0,0.333,0.497,72.935,4
spotify:track:6kVjyHFM9XIXumhoi6GG0Z,"ROTTWEiLER","MATHEMATIC-RAPADDICT","TJ_beastboy",2023-05-12,156760,43,true,,1970-01-01T00:00:00Z,"deutscher hip-hop","Space Music Records",0.697,0.648,1,-7.416,1,0.198,0.132,0,0.177,0.319,149.935,4
spotify:track:2kx5sQgmjYug0GiDh1a4sU,"Living Life, In The Night","Living Life, In The Night","Cheriimoya;Sierra Kidd",2018-10-13,122517,69,true,,1970-01-01T00:00:00Z,"deutscher hip-hop","Arista Records",0.624,0.499,0,-9.962,0,0.0495,0.82,0,0.12,0.298,143.249,4
spotify:track:1swvWqnyHP63Y4r1qX2kVS,"EXTREME DiNOSAURS","COLDBLOODED-BONECRUSHER","TJ_beastboy",2024-03-08,110500,41,false,,1970-01-01T00:00:00Z,"deutscher hip-hop","Space Music Records",0.714,0.731,7,-4.52,1,0.122,0.214,0,0.402,0.638,139.991,4
spotify:track:6Ixn21VEhC20fPcy2CDuIy,"DONNiE DARKO","COLDBLOODED-BONECRUSHER","TJ_beastboy;Kynda Gray",2024-03-08,176500,43,true,,1970-01-01T00:00:00Z,"deutscher hip-hop","Space Music Records",0.782,0.771,11,-5.637,0,0.0579,0.111,0.000548,0.0844,0.446,130.024,4
spotify:track:1VgoFzUT9iofLfn3rHOI3z,"IN & OUT","IN & OUT","reezy",2024-01-12,148433,56,true,,1970-01-01T00:00:00Z,"deutscher hip-hop","Four Music/TEENAGER FOREVER Ent.",0.573,0.563,11,-8.061,0,0.12,0.342,0,0.123,0.575,133.716,4
spotify:track:4keoRXcdwFkP8OzuJQ3ScK,"EYES ON ME","EYES ON ME","asteria",2024-03-06,116643,34,true,,1970-01-01T00:00:00Z,"hyperpop","Artist Partner Group, Inc.",0.37,0.907,11,-3.28,0,0.0879,0.000225,0.0071,0.692,0.478,142.726,4
